<?xml version="1.0" encoding="UTF-8"?>
<root>
  <item name="com.wikitude.common.services.sensors.internal.OrientationManager OrientationManager(android.content.Context, int) 1">
    <annotation name="android.support.annotation.IntDef">
      <val name="value" val="{android.hardware.SensorManager.SENSOR_DELAY_FASTEST, android.hardware.SensorManager.SENSOR_DELAY_GAME, android.hardware.SensorManager.SENSOR_DELAY_UI, android.hardware.SensorManager.SENSOR_DELAY_NORMAL}" />
    </annotation>
  </item>
  <item name="com.wikitude.common.services.sensors.internal.OrientationManager sensorRate">
    <annotation name="android.support.annotation.IntDef">
      <val name="value" val="{android.hardware.SensorManager.SENSOR_DELAY_FASTEST, android.hardware.SensorManager.SENSOR_DELAY_GAME, android.hardware.SensorManager.SENSOR_DELAY_UI, android.hardware.SensorManager.SENSOR_DELAY_NORMAL}" />
    </annotation>
  </item>
</root>

